profile,sample_rate,channels,frames,iterations,period_us,p50_us,p95_us,p99_us,max_us,deadline_misses,checksum
neutral,44100,2,64,10000,1451.25,1.875,2.375,2.5,13.167,0,629.891
all_effects,44100,2,64,10000,1451.25,2.583,3.25,3.333,29.666,0,1473.59
neutral,44100,2,128,10000,2902.49,3.792,4.709,4.833,47.5,0,74.1027
all_effects,44100,2,128,10000,2902.49,5.167,6.459,6.625,57.083,0,174.974
neutral,44100,2,256,10000,5804.99,7.542,9.209,9.542,65.459,0,107.32
all_effects,44100,2,256,10000,5804.99,10.333,12.458,13.125,54.917,0,267.763
neutral,44100,2,512,10000,11610,15.083,20.333,52.834,510.875,0,74.9929
all_effects,44100,2,512,10000,11610,20.75,23.625,26.792,73.834,0,184.096
neutral,48000,2,64,10000,1333.33,1.917,2.375,2.458,7.625,0,629.891
all_effects,48000,2,64,10000,1333.33,2.583,3.25,3.292,42.791,0,1475.6
neutral,48000,2,128,10000,2666.67,3.791,4.708,4.833,34,0,74.1027
all_effects,48000,2,128,10000,2666.67,5.209,6.458,6.625,40.5,0,174.475
neutral,48000,2,256,10000,5333.33,7.583,9.333,9.625,63.292,0,107.32
all_effects,48000,2,256,10000,5333.33,10.416,12.5,13.209,95.083,0,265.064
neutral,48000,2,512,10000,10666.7,15.084,18.792,53.708,554.292,0,74.9929
all_effects,48000,2,512,10000,10666.7,20.709,24.625,26.458,90.375,0,183.095
neutral,96000,2,64,10000,666.667,1.875,2.375,2.458,23.25,0,629.891
all_effects,96000,2,64,10000,666.667,2.584,3.25,3.333,25.875,0,1449.84
neutral,96000,2,128,10000,1333.33,3.792,4.75,4.875,38.083,0,74.1027
all_effects,96000,2,128,10000,1333.33,5.208,6.541,8.875,32.667,0,168.828
neutral,96000,2,256,10000,2666.67,7.542,9.417,9.916,44.833,0,107.32
all_effects,96000,2,256,10000,2666.67,10.416,12.583,13.208,86.458,0,256.961
neutral,96000,2,512,10000,5333.33,15.084,17.709,19.166,88.5,0,74.9929
all_effects,96000,2,512,10000,5333.33,20.708,24,27.625,72.083,0,175.503
